{"cameraMode":{"drawMode":0,"name":"Shaded","section":"Shading Mode"},"sceneLighting":true,"audioPlay":false,"sceneViewState":{"showFog":true,"showMaterialUpdate":false,"showSkybox":true,"showFlares":true,"showImageEffects":true,"showParticleSystems":true},"in2DMode":false,"pivot":{"x":-46.49646759033203,"y":-20.887521743774415,"z":-3.873422622680664},"rotation":{"x":0.14219799637794496,"y":-0.6676324009895325,"z":0.13207592070102693,"w":0.7187984585762024},"size":32.820091247558597,"orthographic":false}