{"cameraMode":{"drawMode":0,"name":"Shaded","section":"Shading Mode"},"sceneLighting":true,"audioPlay":false,"sceneViewState":{"showFog":true,"showMaterialUpdate":false,"showSkybox":true,"showFlares":true,"showImageEffects":true,"showParticleSystems":true},"in2DMode":false,"pivot":{"x":-0.2891707420349121,"y":-14.480127334594727,"z":24.974937438964845},"rotation":{"x":-0.09612292051315308,"y":0.02896047942340374,"z":-0.0027930676005780699,"w":-0.9949731230735779},"size":48.31206130981445,"orthographic":false}