{"cameraMode":{"drawMode":0,"name":"Shaded","section":"Shading Mode"},"sceneLighting":true,"audioPlay":false,"sceneViewState":{"showFog":true,"showMaterialUpdate":false,"showSkybox":true,"showFlares":true,"showImageEffects":true,"showParticleSystems":true},"in2DMode":false,"pivot":{"x":-8.479999542236329,"y":0.19999998807907105,"z":-17.260000228881837},"rotation":{"x":-0.0919337049126625,"y":-0.907835066318512,"z":0.3006499111652374,"w":-0.2775518000125885},"size":4.035080909729004,"orthographic":false}