{"cameraMode":{"drawMode":0,"name":"Shaded","section":"Shading Mode"},"sceneLighting":false,"audioPlay":false,"sceneViewState":{"showFog":true,"showMaterialUpdate":false,"showSkybox":false,"showFlares":true,"showImageEffects":true,"showParticleSystems":true},"in2DMode":false,"pivot":{"x":0.24171745777130128,"y":0.3568289875984192,"z":0.18379926681518556},"rotation":{"x":-0.06324515491724014,"y":-0.9352523684501648,"z":0.21731646358966828,"w":-0.2721881568431854},"size":1.0970702171325684,"orthographic":false}