{"cameraMode":{"drawMode":0,"name":"Shaded","section":"Shading Mode"},"sceneLighting":true,"audioPlay":false,"sceneViewState":{"showFog":true,"showMaterialUpdate":false,"showSkybox":false,"showFlares":true,"showImageEffects":true,"showParticleSystems":true},"in2DMode":false,"pivot":{"x":59.950992584228519,"y":10.666648864746094,"z":5.262123107910156},"rotation":{"x":-0.24347995221614839,"y":0.0517755001783371,"z":-0.013015959411859513,"w":-0.9684399962425232},"size":69.10882568359375,"orthographic":false}