{"cameraMode":{"drawMode":0,"name":"Shaded","section":"Shading Mode"},"sceneLighting":true,"audioPlay":false,"sceneViewState":{"showFog":true,"showMaterialUpdate":false,"showSkybox":true,"showFlares":true,"showImageEffects":true,"showParticleSystems":true},"in2DMode":false,"pivot":{"x":128.17552185058595,"y":-76.8661117553711,"z":307.7227783203125},"rotation":{"x":-0.0976802408695221,"y":-0.15419620275497437,"z":0.015160447917878628,"w":-0.9832263588905335},"size":205.53445434570313,"orthographic":false}