{"cameraMode":{"drawMode":0,"name":"Shaded","section":"Shading Mode"},"sceneLighting":false,"audioPlay":false,"sceneViewState":{"showFog":true,"showMaterialUpdate":false,"showSkybox":false,"showFlares":true,"showImageEffects":true,"showParticleSystems":true},"in2DMode":false,"pivot":{"x":1.0935993194580079,"y":1.9216538667678834,"z":-1.124146819114685},"rotation":{"x":0.010076428763568402,"y":-0.9896243810653687,"z":-0.08781188726425171,"w":-0.1136428490281105},"size":2.0222246646881105,"orthographic":false}