{"cameraMode":{"drawMode":0,"name":"Shaded","section":"Shading Mode"},"sceneLighting":false,"audioPlay":false,"sceneViewState":{"showFog":true,"showMaterialUpdate":false,"showSkybox":false,"showFlares":true,"showImageEffects":true,"showParticleSystems":true},"in2DMode":false,"pivot":{"x":2.573526382446289,"y":7.8508806228637699,"z":-0.11330580711364746},"rotation":{"x":0.21265563368797303,"y":-0.06736547499895096,"z":0.014698170125484467,"w":0.9746974110603333},"size":12.807421684265137,"orthographic":false}