{"cameraMode":{"drawMode":0,"name":"Shaded","section":"Shading Mode"},"sceneLighting":false,"audioPlay":false,"sceneViewState":{"showFog":true,"showMaterialUpdate":false,"showSkybox":false,"showFlares":true,"showImageEffects":true,"showParticleSystems":true},"in2DMode":false,"pivot":{"x":5.801360130310059,"y":9.05490779876709,"z":3.2499849796295168},"rotation":{"x":0.21265563368797303,"y":-0.06736547499895096,"z":0.014698170125484467,"w":0.9746974110603333},"size":22.12486457824707,"orthographic":false}