{"cameraMode":{"drawMode":0,"name":"Shaded","section":"Shading Mode"},"sceneLighting":false,"audioPlay":false,"sceneViewState":{"showFog":true,"showMaterialUpdate":false,"showSkybox":false,"showFlares":true,"showImageEffects":true,"showParticleSystems":true},"in2DMode":false,"pivot":{"x":0.08812212944030762,"y":2.439432144165039,"z":-0.04887580871582031},"rotation":{"x":0.09762421250343323,"y":-0.17374584078788758,"z":0.01731174811720848,"w":0.9797931909561157},"size":3.4524192810058595,"orthographic":false}